{
  "lstm_mae": 0.3147894773731919,
  "lstm_mape": 0.4107690889989996,
  "tcn_mae": 0.3222482699942141,
  "tcn_mape": 0.45194046163807744,
  "worst_case_count": 20
}