{
  "linear_regression_with_time_features": {
    "mae": 0.3791080917041045,
    "mape": 0.5873471627202869
  },
  "linear_regression_lag_only": {
    "mae": 0.386521265853105,
    "mape": 0.6002219503105112
  },
  "lstm": {
    "mae": 0.31478947401046753,
    "mape": 0.4107690751552582
  },
  "tcn": {
    "mae": 0.32224828004837036,
    "mape": 0.4519404470920563
  },
  "lstm_no_time_features": {
    "mae": 0.32538890838623047,
    "mape": 0.4438845217227936
  }
}