{
  "accuracy": 0.5507372072853426,
  "macro_f1": 0.4976683692886694,
  "num_samples": 34588
}