{
  "accuracy": 0.6188204683434518,
  "macro_f1": 0.5921673049363575,
  "num_samples": 34588
}