is_weekend,mae,mape,count
weekday,0.2993934,0.39436907,3718
weekend,0.35380968,0.45233375,1467
