model,mae,mape
baseline,0.37901075875595247,0.5876135922829883
lstm,0.3147894773731919,0.4107690889989996
tcn,0.3222482699942141,0.45194046163807744
