accuracy,macro_f1,num_samples
0.5507372072853426,0.4976683692886694,34588
