seed,prediction_col,final_reward,mean_reward,baseline_cost,scheduled_cost,cost_reduction,success_rate
42,lstm_pred,1353.3499999999622,1174.5549999999737,7269.211884390018,6092.211884390017,1177.000000000001,0.9993065187239945
52,lstm_pred,1366.9499999999634,1171.7716666666404,7177.411884390016,6193.411884390021,983.9999999999945,0.9993451211525868
62,lstm_pred,1397.6999999999616,1175.6099999999744,7093.811884390018,6176.811884390013,917.0000000000055,1.0
